{"type":"Topology","transform":{"scale":[0.000015246684457849355,0.00001380775355703378],"translate":[124.99015969449948,-14.99048987867848]},"arcs":[[[1887,4004],[72,-68],[-33,-20],[-85,50],[46,38]],[[2486,4598],[33,-48],[-44,-24],[-51,25],[-15,34],[77,13]],[[762,4563],[14,32],[54,-15],[-3,-37],[-65,20]],[[694,4550],[-65,9],[-23,60],[-58,18],[37,43],[41,-4],[24,-71],[44,-55]],[[2190,3929],[16,55],[50,11],[57,50],[13,-48],[-56,-64],[-51,-19],[-29,15]],[[1799,4107],[-23,-54],[-88,-12],[-63,-21],[-16,56],[56,33],[54,7],[52,-22],[28,13]],[[3743,4600],[-34,-613]],[[3709,3987],[-87,98],[-90,-16],[-93,3],[-5,28],[44,56],[49,5],[-3,70],[-22,23],[-29,94],[-183,94],[-65,9],[-77,60],[-65,31],[-31,-47],[-46,38],[3,82],[27,31],[70,-18],[-1,36],[-99,-1],[-54,22],[-22,57],[-77,8],[27,59],[133,40],[60,-37],[52,-2],[27,-60],[-19,-31],[4,-60],[38,-15],[33,-85],[42,-5],[74,73],[14,32],[74,10],[-7,27],[59,27],[182,-95],[97,-28]],[[2140,4116],[-10,-38],[-89,-27],[-76,-5],[-99,25],[37,33],[66,-3],[48,-24],[67,-2],[56,41]],[[1106,4224],[128,-13],[16,-58],[48,-22],[62,19],[41,-18],[-13,-74],[-97,27],[-45,-18],[-88,3],[-105,17],[-39,19],[-104,20],[-46,-24],[-81,26],[-78,1],[-68,88],[17,53],[204,-20],[24,-46],[165,-7],[15,44],[44,-17]],[[2580,4554],[23,66],[84,-11],[29,17],[100,-35],[22,-71],[-114,56],[-144,-22]],[[1909,4805],[24,-48],[36,-1],[37,54],[64,10],[54,-14],[-40,-56],[-50,-22],[-19,-41],[65,-73],[-4,-69],[59,-51],[-126,-45],[5,40],[-59,65],[16,75],[-28,13],[-33,-58],[7,-133],[-9,-85],[-66,-15],[-20,29],[22,98],[-31,84],[-33,-14],[-14,66],[48,87],[-3,72],[36,56],[4,84],[23,49],[46,5],[30,55],[52,-21],[213,-26],[64,51],[32,-37],[-52,-56],[-97,-8],[-16,19],[-114,-10],[-129,3],[-34,-68],[40,-64]],[[2668,4916],[-128,44],[-2,52],[40,58],[42,-90],[48,-64]],[[1640,5287],[25,-30],[-18,-73],[45,-80],[-19,-37],[80,-59],[7,-43],[-89,-1],[-29,-70],[-1,-60],[-35,-65],[-56,-56],[16,-71],[-47,-106],[-118,-58],[-15,64],[-76,-1],[-55,27],[-35,-28],[-119,40],[-92,-11],[-40,178],[-40,22],[-44,56],[-17,135],[33,76],[26,16]],[[927,5052],[22,-65],[67,-49],[57,25],[57,-3],[29,44],[77,12],[58,-27],[75,24],[83,157],[4,85],[26,49],[125,1],[33,-18]],[[133,4978],[119,-48],[36,-56],[89,-16],[31,-25],[-27,-46],[-3,-45],[46,-29],[49,4],[20,-77],[34,-39],[67,-4],[45,-79],[-20,-41],[12,-74],[-1,-129],[-59,-1],[-46,24],[-27,-18],[-58,60],[-129,81],[-11,32],[-55,32],[-52,58],[-73,120],[-13,41],[-70,81],[-37,11],[0,299],[133,-116]],[[3302,1462],[9,-31],[-81,-15],[-9,30],[81,16]],[[2795,3823],[62,5],[26,-25],[-48,-42],[-42,27],[2,35]],[[4009,627],[-57,-68],[-62,15],[-4,41],[-45,68],[1,69],[-37,108],[40,16],[96,-46],[78,10],[43,25],[24,-30],[-13,-86],[-40,-116],[-24,-6]],[[3344,3703],[-69,-83],[-24,-4],[-1,-81],[-48,-47],[109,-117],[25,2],[61,-39],[35,-44],[71,-25],[18,-41],[59,-38],[71,19],[34,68],[50,157],[-4,136],[16,30],[-4,67],[31,37],[28,108],[38,15],[30,-151],[29,-29],[1,-106],[31,-74],[48,29],[14,-38],[54,-42],[-11,-55],[5,-86],[55,-117],[-14,-58],[16,-59],[110,-100],[70,-29],[19,-76],[29,-26],[21,-113],[96,-53],[-7,-68],[47,-63],[27,-4],[44,-75],[33,-102],[8,-125],[-14,-14],[34,-108],[-5,-59],[-68,-176],[-12,-73],[-40,-92],[-59,-36],[-86,-139],[-20,-85],[-53,-67],[-29,-104],[1,-59],[-42,-26],[-90,5],[-57,-22],[-59,-54],[-54,-7],[-93,34],[7,64],[-118,-92],[-83,58],[-57,0],[-96,61],[-44,77],[12,56],[-43,98],[-80,7],[31,93],[-34,65],[-36,-106],[-21,7],[8,98],[41,62],[-36,40],[-20,-51],[-50,-22],[-82,-95],[-29,101],[-39,68],[-30,9],[-46,107],[-66,18],[-47,-7],[-81,58],[-173,-18],[-136,-57],[-87,5],[-163,-89],[-46,-82],[-156,11],[-120,-14],[-58,-61],[-33,6],[-34,-47],[-55,-16],[-81,-3],[-52,20],[-82,73],[52,82],[-4,164],[-60,140],[-3,72],[-39,92],[-32,39],[-14,77],[-37,60],[41,24],[10,58],[-47,68],[-29,102],[26,52],[-13,89],[27,70],[53,3],[65,34],[62,66],[49,31],[45,-16],[63,36],[58,12],[176,63],[46,54],[53,103],[0,68],[33,44],[79,14],[19,37],[41,-13],[20,33],[-6,49],[73,87],[48,15],[97,67],[34,-18],[70,-75],[75,-19],[58,82],[36,98],[44,47],[176,24],[-4,45],[102,-9],[108,-56],[121,24],[38,-39]],[[5733,165],[-57,-81],[1,-23],[-89,-61],[-89,14],[-10,30],[-104,34],[-16,26],[34,71],[139,123],[107,35],[119,86],[41,76],[51,36],[12,54],[69,-4],[-1,-55],[85,20],[-19,-56],[13,-27],[-97,-115],[-40,-16],[-39,-55],[-89,-45],[-21,-67]],[[6351,716],[-93,-53],[-19,-76],[-86,-98],[-54,-29],[-48,45],[66,97],[-13,42],[-67,54],[-10,38],[68,25],[40,107],[-17,123],[-70,162],[64,10],[42,-71],[-12,-38],[8,-90],[30,-18],[51,12],[-6,-95],[102,-59],[50,36],[40,-28],[-37,-80],[-29,-16]],[[4943,4211],[86,-108],[-52,-15],[-6,37],[-38,44],[10,42]],[[3743,4600],[94,-51],[127,-45],[41,-37],[44,-5],[108,-109],[-11,-52],[147,-65],[30,-71],[-81,-17],[60,-98],[33,-16],[31,-95],[52,1],[2,-49],[57,-60],[-20,-24],[-150,31],[-112,137],[-37,73],[-103,37],[-58,3],[-57,-37],[-53,-4],[33,-61],[-67,-30],[-144,31]],[[4397,4241],[122,23],[56,-17],[56,52],[45,7],[-8,62],[75,-22],[-38,-104],[-150,-61],[-74,6],[-84,54]],[[5881,3176],[3,-57],[-37,-5],[-12,78],[46,-16]],[[927,5052],[28,-36],[98,-8],[14,82],[40,46],[120,37],[38,60],[71,74],[99,46],[65,124],[94,90],[56,-59],[4,-48],[59,-9],[71,-67],[-94,-24],[39,-51],[-89,-22]],[[344,5170],[14,-77],[33,-29],[45,-77],[-5,-41],[-68,9],[-151,87],[-76,95],[-31,21],[-22,95],[-21,21],[-11,141],[67,-22],[7,-59],[84,55],[103,-62],[35,-54],[-3,-103]],[[6745,2676],[-62,39],[25,51],[59,7],[25,-36],[-1,-45],[-46,-16]],[[2158,5978],[28,-16],[-39,-98],[17,-52],[-28,-31],[-60,81],[46,28],[-7,42],[43,46]],[[2270,6029],[49,-9],[1,-61],[-57,15],[7,55]],[[2066,6058],[82,-30],[-4,-29],[-50,-50],[-51,32],[23,77]],[[2305,6036],[4,23],[-58,79],[84,5],[32,-34],[7,-100],[-31,-19],[-38,46]],[[2395,5613],[-38,-75],[28,-44],[-30,-57],[-29,28],[-76,32],[-20,92],[20,29],[-51,40],[-82,-51],[-28,39],[52,83],[63,9],[45,-39],[50,86],[71,12],[38,31],[35,-54],[7,-113],[20,-56],[-51,-43],[-24,51]]],"objects":{"oc4":{"type":"GeometryCollection","geometries":[{"arcs":[[[0]],[[1]],[[2]],[[3]],[[4]],[[5]],[[6,7]],[[8]],[[9]],[[10]],[[11]],[[12]],[[13,14]],[[15]]],"type":"MultiPolygon","properties":{"id":"ID","hc-group":"admin0","hc-middle-x":0.35,"hc-middle-y":0.36,"hc-key":"id","hc-a2":"ID","name":"Indonesia","labelrank":"2","country-abbrev":"Indo.","subregion":"South-Eastern Asia","region-wb":"East Asia & Pacific","iso-a3":"IDN","iso-a2":"ID","woe-id":"23424846","continent":"Asia"}},{"arcs":[[[16]],[[17]],[[18]],[[19]]],"type":"MultiPolygon","properties":{"id":"AU","hc-group":"admin0","hc-middle-x":0.53,"hc-middle-y":0.38,"hc-key":"au","hc-a2":"AU","name":"Australia","labelrank":"2","country-abbrev":"Auz.","subregion":"Australia and New Zealand","region-wb":"East Asia & Pacific","iso-a3":"AUS","iso-a2":"AU","woe-id":"-90","continent":"Oceania"}},{"arcs":[[[20]],[[21]]],"type":"MultiPolygon","properties":{"id":"NZ","hc-group":"admin0","hc-middle-x":0.18,"hc-middle-y":0.82,"hc-key":"nz","hc-a2":"NZ","name":"New Zealand","labelrank":"2","country-abbrev":"N.Z.","subregion":"Australia and New Zealand","region-wb":"East Asia & Pacific","iso-a3":"NZL","iso-a2":"NZ","woe-id":"23424916","continent":"Oceania"}},{"arcs":[[[22]],[[-7,23]],[[24]]],"type":"MultiPolygon","properties":{"id":"PG","hc-group":"admin0","hc-middle-x":0.24,"hc-middle-y":0.37,"hc-key":"pg","hc-a2":"PG","name":"Papua New Guinea","labelrank":"2","country-abbrev":"P.N.G.","subregion":"Melanesia","region-wb":"East Asia & Pacific","iso-a3":"PNG","iso-a2":"PG","woe-id":"23424926","continent":"Oceania"}},{"arcs":[[25]],"type":"Polygon","properties":{"id":"VU","hc-group":"admin0","hc-middle-x":0.13,"hc-middle-y":0.11,"hc-key":"vu","hc-a2":"VU","name":"Vanuatu","labelrank":"4","country-abbrev":"Van.","subregion":"Melanesia","region-wb":"East Asia & Pacific","iso-a3":"VUT","iso-a2":"VU","woe-id":"23424907","continent":"Oceania"}},{"arcs":[[[26,-15]],[[27]]],"type":"MultiPolygon","properties":{"id":"MY","hc-group":"admin0","hc-middle-x":0.71,"hc-middle-y":0.73,"hc-key":"my","hc-a2":"MY","name":"Malaysia","labelrank":"3","country-abbrev":"Malay.","subregion":"South-Eastern Asia",