{"type":"Topology","transform":{"scale":[1.8377371273712737,1.779992028696692],"translate":[-999.0000000000001,918.9999999999999]},"arcs":[[[1589,3284],[61,-54],[-139,37],[78,17]],[[1348,3352],[-12,-39],[-54,6],[39,46],[27,-13]],[[1922,3381],[41,-16],[-58,-5],[17,21]],[[1256,3365],[-18,-50],[-59,53],[77,-3]],[[1789,3624],[-37,-33],[9,49],[28,-16]],[[1821,3645],[0,-48],[-42,-28],[19,91],[23,-15]],[[2094,3765],[28,-38],[-38,-20],[-55,48],[65,10]],[[642,3738],[57,13],[-18,-39],[-39,26]],[[2358,3870],[-8,-27],[-41,14],[49,13]],[[1907,3852],[19,28],[53,-18],[-72,-10]],[[585,3727],[-56,7],[-67,63],[13,23],[52,9],[58,-102]],[[2154,3907],[30,-35],[-50,7],[20,28]],[[1842,3891],[-53,2],[30,23],[23,-25]],[[2394,3934],[-29,-1],[31,2],[17,-10],[-8,-29],[-24,29],[13,9]],[[2377,3968],[-22,26],[76,-6],[-54,-20]],[[406,4007],[-32,19],[26,12],[6,-31]],[[2196,4183],[40,15],[-15,-33],[-25,18]],[[1844,3224],[37,65],[80,27],[-49,-89],[-68,-3]],[[1515,3369],[-19,-44],[-145,-20],[52,65],[112,-1]],[[1408,4325],[-16,0]],[[1392,4325],[16,0]],[[3153,3767],[-30,-497]],[[3123,3270],[-72,81],[-169,-15],[31,60],[58,15],[12,-33],[9,18],[-29,29],[35,-5],[-42,25],[-31,118],[-302,135],[-5,71],[-69,-90],[-10,64],[-63,40],[140,6],[11,42],[-121,-9],[-38,59],[-65,8],[23,48],[91,34],[116,-33],[9,-123],[60,-81],[216,132],[235,-99]],[[2647,3502],[-15,-41],[34,114],[13,-79],[-32,6]],[[239,4005],[-20,32],[70,-44],[-50,12]],[[1803,3375],[-9,-31],[-75,-22],[-177,10],[88,35],[125,-25],[48,33]],[[932,3463],[107,-11],[54,-64],[86,0],[-6,-44],[19,-27],[-598,70],[-2,32],[-101,15],[60,66],[172,-16],[76,-43],[83,0],[31,43],[19,-21]],[[2173,3730],[-33,21],[52,33],[96,4],[105,-63],[-178,12],[-26,30],[-16,-37]],[[1607,3933],[51,-39],[32,44],[147,9],[-160,-81],[116,-203],[-101,-18],[10,44],[-55,41],[-10,71],[-43,-27],[23,-204],[-66,-4],[-8,165],[-43,-6],[-13,54],[92,281],[63,49],[223,-38],[100,71],[-63,-105],[-299,3],[-28,-54],[32,-53]],[[2247,4023],[-68,19],[26,-111],[-65,127],[37,117],[-22,-92],[83,43],[-32,-69],[41,-34]],[[1382,4324],[15,-41],[-51,-1],[46,-16],[-26,-16],[60,-74],[-17,-30],[88,-70],[-90,-14],[-11,-125],[-80,-57],[-37,-165],[-99,-47],[-12,52],[-111,38],[-82,-53],[-16,57],[-109,-20],[-21,120],[-63,41],[-39,128],[54,102]],[[781,4133],[74,-92],[144,64],[155,-3],[94,236],[134,-14]],[[112,4074],[13,24],[117,-109],[102,-32],[-26,-76],[80,-19],[45,-93],[89,-47],[-1,-219],[-89,19],[10,-33],[-190,132],[-262,304],[0,242],[112,-93]],[[2708,4593],[-6,-18],[-8,8],[14,10]],[[4623,3022],[33,-46],[-66,48],[33,-2]],[[4501,3105],[60,-42],[-71,16],[11,26]],[[4606,3084],[9,-23],[-56,117],[47,-94]],[[4314,3222],[24,18],[22,-51],[-36,29],[-6,-31],[-4,35]],[[4397,3270],[81,-54],[29,-44],[-110,98]],[[2781,1225],[26,-29],[-99,5],[73,24]],[[2803,2931],[5,-38],[-33,9],[28,29]],[[2345,3124],[17,-26],[-42,-1],[25,27]],[[2354,3138],[74,-17],[-41,-33],[-33,50]],[[3377,549],[-49,-55],[-52,12],[-61,266],[103,-58],[103,28],[20,-25],[-40,-192],[-24,24]],[[2816,3040],[-35,-65],[-43,-5],[24,-40],[-59,-82],[263,-196],[86,-27],[94,194],[6,189],[82,130],[66,-283],[51,14],[58,-64],[43,-304],[151,-104],[59,-175],[27,-33],[4,38],[35,-40],[-4,31],[18,-39],[-6,-55],[129,-160],[17,-285],[-101,-276],[-50,-29],[-134,-236],[-23,-132],[-159,-35],[-96,-49],[13,-34],[-80,59],[14,24],[-25,-22],[6,52],[-99,-74],[-118,47],[-118,111],[-23,155],[-71,-24],[26,76],[-27,51],[-32,-85],[-54,-3],[41,25],[34,191],[-132,-154],[3,-37],[-147,241],[-164,55],[-333,-56],[-121,-59],[-55,-80],[-233,-2],[-150,-96],[-171,51],[30,222],[-178,409],[36,-14],[-22,75],[42,-63],[8,48],[-64,137],[35,171],[26,-47],[18,50],[148,105],[288,77],[95,115],[-11,68],[41,50],[17,18],[40,-88],[12,96],[48,-5],[-1,62],[66,28],[-6,42],[48,-3],[61,64],[66,-30],[27,-72],[125,18],[-32,35],[75,130],[47,37],[122,0],[-49,78],[16,-22],[27,31],[7,-40],[171,-63],[60,29],[9,-47],[33,37],[32,-32]],[[4584,43],[29,-33],[-47,-10],[18,43]],[[5600,121],[23,-7],[-28,-29],[5,36]],[[4827,175],[-122,-134],[-184,85],[124,141],[213,113],[133,159],[11,-72],[80,11],[-13,-62],[-116,-106],[7,-64],[-40,19],[-74,-36],[-19,-54]],[[5348,620],[-15,-42],[-49,18],[-103,-159],[-45,-24],[-41,37],[54,96],[-73,91],[56,21],[47,142],[-103,240],[98,-80],[5,-138],[34,-41],[18,53],[16,-17],[-5,-77],[66,-44],[95,2],[-55,-78]],[[5115,3700],[-3,-1],[0,4],[3,-3]],[[5903,2924],[0,0],[0,5],[1,-5],[-1,0]],[[3852,3146],[11,-22],[-30,42],[19,-20]],[[3318,3313],[3,-26],[-27,20],[24,6]],[[4163,3452],[74,-104],[-45,4],[-29,100]],[[3600,3783],[39,-11],[-65,-8],[26,19]],[[3884,3693],[93,-47],[61,-65],[-11,-64],[-36,103],[-107,73]],[[3153,3767],[258,-112],[91,-88],[-10,-42],[124,-53],[25,-57],[-65,1],[11,-56],[64,-51],[26,-77],[43,1],[3,-40],[114,-92],[-210,49],[-125,170],[-102,49],[-145,-44],[46,-56],[-56,-24],[-122,25]],[[3703,3476],[-12,30],[95,-19],[27,38],[41,-44],[76,38],[1,60],[64,-18],[-32,-84],[-127,-49],[-133,48]],[[5525,4243],[14,-9],[-4,1],[-10,8]],[[4533,4386],[9,-4],[-4,-11],[-5,15]],[[4963,2520],[25,-31],[-26,-5],[-14,56],[15,-20]],[[5024,2560],[-6,-38],[6,78],[0,-40]],[[4953,2613],[0,-62],[-39,76],[39,-14]],[[1392,4325],[16,0]],[[781,4133],[118,-49],[7,112],[8,-24],[120,59],[71,118],[48,-44],[30,73],[28,-47],[-3,79],[106,141],[4,-36],[24,35],[48,-48],[-18,-40],[40,14],[-8,-22],[102,-25],[-82,-46],[48,-33],[-90,-26]],[[289,4229],[88,-175],[-58,-19],[-180,108],[-114,296],[74,-29],[6,-48],[95,49],[92,-99],[-3,-83]],[[5680,2208],[-56,44],[74,35],[22,-66],[-40,-13]],[[5796,2340],[29,6],[-27,-35],[29,-7],[-88,-2],[-3,27],[60,11]],[[1725,4511],[-19,14],[41,1],[-22,-15]],[[1817,4883],[24,-12],[-42,-147],[-50,65],[68,94]],[[1912,4925],[41,-8],[25,-119],[-23,37],[-18,-19],[-25,109]],[[1740,4948],[66,-48],[-92,-63],[-10,111],[36,0]],[[1559,4958],[-11,33],[37,-20],[-26,-13]],[[1942,4930],[-46,83],[71,4],[43,-117],[-68,30]],[[1856,4999],[23,-53],[-50,39],[-19,-23],[4,55],[42,-18]],[[1644,4987],[-19,31],[53,0],[-34,-31]],[[2017,4588],[-33,-143],[-18,42],[-71,7],[0,98],[-42,32],[-69,-41],[-24,32],[-44,-59],[14,68],[74,57],[90,-24],[41,23],[2,48],[58,-4],[-5,65],[60,-43],[28,-129],[-30,-114],[-31,85]],[[1467,4813],[51,103],[15,-72],[27,2],[-215,-186],[122,153]]],"objects":{"oceania":{"type":"GeometryCollection","geometries":[{"arcs":[[[0]],[[1]],[[2]],[[3]],[[4]],[[5]],[[6]],[[7]],[[8]],[[9]],[[10]],[[11]],[[12]],[[13]],[[14]],[[15]],[[16]],[[17]],[[18]],[[21,22]],[[23]],[[24]],[[25]],[[26]],[[27]],[[28]],[[29]],[[30,31]],[[32]]],"type":"MultiPolygon","properties":{"hc-group":"admin0","hc-middle-x":0.35,"hc-middle-y":0.36,"hc-key":"id","hc-a2":"ID","name":"Indonesia","labelrank":"2","country-abbrev":"Indo.","subregion":"South-Eastern Asia","region-wb":"East Asia & Pacific","iso-a3":"IDN","iso-a2":"ID","woe-id":"23424846","continent":"Asia"},"id":"ID"},{"arcs":[[33]],"type":"Polygon","properties":{"hc-group":"admin0","hc-middle-x":0.44,"hc-middle-y":0.47,"hc-key":"pw","hc-a2":"PW","name":"Palau","labelrank":"6","country-abbrev":"Palau","subregion":"Micronesia","region-wb":"East Asia & Pacific","iso-a3":"PLW","iso-a2":"PW","woe-id":"23424927","continent":"Oceania"},"id":"PW"},{"arcs":[[[34]],[[35]],[[36]],[[37]],[[38]]],"type":"MultiPolygon","properties":{"hc-group":"admin0","hc-middle-x":0.38,"hc-middle-y":0.61,"hc-key":"sb","hc-a2":"SB","name":"Solomon Islands","labelrank":"3","country-abbrev":"S. Is.","subregion":"Melanesia","region-wb":"East Asia & Pacific","iso-a3":"SLB","iso-a2":"SB","woe-id":"23424766","continent":"Oceania"},"id":"SB"},{"arcs":[[[39]],[[40]],[[41]],[[42]],[[43]],[[44]]],"type":"MultiPolygon","properties":{"hc-group":"admin0","hc-middle-x":0.53,"hc-middle-y":0.38,"hc-key":"au","hc-a2":"AU","name":"Australia","labelrank":"2","country-abbrev":"Auz.","subregion":"Australia and New Zealand","region-wb":"East Asia & Pacific","iso-a3":"AUS","iso-a2":"AU","woe-id":"-90","continent":"Oceania"},"id":"AU"},{"arcs":[[[45]],[[46]],[[47]],[[48]]],"type":"MultiPolygon","properties":{"hc-group":"admin0","hc-middle-x":0.18,"hc-middle-y":0.82,"hc-key":"nz","hc-a2":"NZ","name":"New Zealand","labelrank":"2","country-abbrev":"N.Z.",