{"type":"Topology","transform":{"scale":[1.0236837139082846,0.9757815940114488],"translate":[-999,987]},"arcs":[[[2853,5921],[62,-38],[47,-61],[-49,-31],[-129,75],[-42,49],[111,6]],[[2420,6044],[-31,-58],[-64,-15],[1,63],[45,35],[49,-25]],[[2256,6069],[-22,-64],[-53,20],[36,58],[39,-14]],[[4400,6224],[-14,-63],[-44,-57],[-25,56],[83,64]],[[2048,6240],[-55,-52],[-110,6],[14,35],[151,11]],[[3211,6540],[-30,-66],[-35,7],[15,89],[50,-30]],[[3760,6799],[53,-39],[-4,-31],[-68,-36],[-76,37],[-23,50],[57,25],[61,-6]],[[1153,6748],[20,47],[82,-22],[-4,-54],[-98,29]],[[1050,6729],[-100,12],[-33,89],[-65,0],[-23,27],[55,63],[62,-6],[37,-104],[58,-44],[9,-37]],[[3866,7057],[55,-64],[-70,-2],[15,66]],[[4267,7169],[-40,47],[74,12],[55,-55],[-89,-4]],[[3311,5812],[25,81],[40,37],[34,-22],[87,75],[19,-72],[-84,-94],[-77,-29],[-44,24]],[[2720,6075],[3,-55],[-37,-25],[-133,-18],[-95,-31],[-32,12],[6,71],[86,48],[81,11],[78,-33],[43,20]],[[2527,7819],[-28,0]],[[2499,7819],[28,0]],[[5660,6802],[-53,-906]],[[5607,5896],[-130,146],[-136,-25],[-140,4],[-10,42],[68,83],[75,7],[-7,105],[-31,32],[-45,140],[-112,62],[-52,15],[-112,62],[-98,12],[-118,89],[-50,6],[-48,40],[-47,-69],[-38,-5],[-31,61],[5,122],[41,45],[105,-27],[-1,55],[-68,10],[-81,-12],[-83,31],[-33,84],[-115,13],[41,50],[-1,37],[88,18],[30,28],[83,14],[91,-55],[79,-3],[39,-90],[-28,-45],[7,-89],[56,-21],[13,-72],[37,-55],[65,-7],[111,108],[20,47],[48,-6],[65,21],[-10,41],[90,38],[273,-140],[41,4],[107,-45]],[[4752,6318],[-30,30],[64,103],[10,-126],[-44,-7]],[[3237,6087],[-17,-56],[-134,-40],[-114,-7],[-150,37],[55,49],[100,-4],[72,-36],[64,26],[38,-29],[85,60]],[[3236,6087],[1,0]],[[1672,6247],[44,13],[78,-34],[71,2],[25,-86],[73,-32],[93,28],[61,-27],[-18,-110],[-42,-3],[-105,43],[-68,-26],[-117,20],[-15,-16],[-160,26],[-59,28],[-156,29],[-70,-34],[-124,36],[-117,4],[-36,56],[-44,20],[-23,52],[26,79],[60,-16],[130,-7],[84,-19],[35,13],[36,-68],[101,-11],[148,0],[23,64],[66,-24]],[[3901,6735],[-11,53],[46,44],[127,-16],[44,24],[151,-51],[38,-64],[-5,-41],[-173,84],[-142,-22],[-46,56],[-29,-67]],[[2886,7104],[37,-69],[54,-2],[56,80],[82,-8],[14,23],[169,3],[-19,-42],[-68,17],[-59,-81],[-77,-33],[-29,-62],[100,-107],[-7,-102],[89,-75],[-107,-46],[-15,-47],[-68,26],[6,60],[-87,96],[23,110],[-42,19],[-76,-49],[26,-36],[-3,-100],[13,-98],[-22,-73],[9,-51],[-100,-22],[-30,42],[34,145],[-47,124],[-50,-20],[-22,97],[48,61],[25,67],[-4,107],[54,83],[5,124],[36,72],[69,7],[45,82],[79,-32],[322,-38],[65,30],[32,46],[81,54],[0,-46],[-33,-63],[-79,-82],[-147,-12],[-23,27],[-173,-14],[-15,14],[-109,-16],[-71,6],[-50,-99],[15,-62],[44,-35]],[[4034,7269],[-123,35],[-9,-71],[-60,101],[-5,77],[25,74],[37,11],[32,-81],[87,43],[-4,-71],[-53,-24],[73,-94]],[[2480,7818],[37,-45],[-26,-109],[68,-116],[-30,-56],[121,-87],[11,-63],[-100,15],[-35,-17],[-44,-102],[-1,-90],[-53,-97],[-65,-42],[-20,-40],[32,-64],[-7,-41],[-72,-157],[-177,-86],[-23,96],[-60,15],[-55,-16],[-83,38],[-53,-40],[-43,13],[-63,-36],[-2,68],[-72,14],[-84,-26],[-55,9],[-61,264],[-60,32],[-66,82],[14,40],[-35,42],[-6,119],[50,111],[40,24]],[[1402,7470],[-14,-29],[47,-66],[101,-73],[87,37],[86,-5],[44,65],[116,19],[87,-40],[35,31],[80,4],[43,67],[-9,49],[57,40],[-21,45],[54,31],[17,61],[-11,65],[40,72],[76,-10],[113,12],[50,-27]],[[200,7361],[24,44],[50,-69],[107,-45],[54,-83],[56,-1],[33,-34],[45,10],[48,-35],[-42,-69],[-4,-68],[71,-42],[73,7],[30,-114],[51,-57],[101,-8],[69,-115],[-30,-62],[19,-109],[-3,-191],[-66,45],[-22,-46],[-70,36],[-41,-26],[-88,89],[-108,56],[-87,62],[-16,47],[-83,49],[-79,86],[-36,73],[-75,103],[-20,61],[-72,67],[-33,52],[-56,16],[0,442],[103,-78],[55,-74],[42,-19]],[[8081,5594],[56,-5],[49,-51],[-22,-27],[-103,35],[20,48]],[[8268,5557],[-61,59],[27,73],[34,-132]],[[4992,2165],[13,-45],[-123,-22],[-13,45],[123,22]],[[4226,5655],[27,-16],[67,23],[39,-38],[-73,-61],[-63,40],[3,52]],[[6062,932],[-36,-19],[-51,-82],[-93,23],[-8,59],[-43,42],[-24,60],[1,102],[-28,44],[-28,116],[20,62],[40,-40],[145,-66],[70,23],[49,-9],[65,37],[36,-45],[-19,-126],[-62,-172],[-34,-9]],[[5055,5477],[-104,-122],[-36,-7],[-1,-120],[-72,-69],[11,-34],[96,-70],[56,-70],[38,5],[93,-59],[53,-64],[108,-37],[27,-62],[89,-55],[107,29],[53,100],[74,231],[-14,75],[8,126],[25,44],[-7,99],[46,56],[43,159],[58,22],[28,-91],[-3,-64],[41,-21],[-20,-47],[44,-42],[13,-129],[-11,-29],[45,-110],[73,43],[22,-56],[81,-61],[-16,-81],[20,-75],[-13,-52],[56,-88],[27,-85],[-22,-86],[40,-24],[-15,-63],[102,-84],[40,6],[24,-71],[107,-41],[27,-56],[0,-57],[44,-39],[33,-167],[74,-28],[71,-50],[-11,-101],[70,-92],[41,-6],[37,-89],[29,-22],[52,-150],[29,-28],[-20,-48],[3,-110],[-22,-20],[51,-160],[-7,-87],[-39,-61],[-8,-54],[-56,-146],[-17,-107],[-61,-95],[-1,-41],[-90,-53],[-68,-105],[-13,-49],[-47,-51],[-31,-125],[-25,-3],[-56,-97],[-8,-64],[-36,-90],[2,-87],[-63,-39],[-136,8],[-87,-32],[-89,-80],[-82,-10],[-140,50],[25,53],[-14,41],[-178,-135],[-126,85],[-87,1],[-78,59],[-67,31],[-66,112],[18,84],[-65,145],[18,34],[-140,-24],[29,47],[18,91],[-50,95],[-55,-155],[-32,9],[13,144],[62,92],[-16,81],[-39,-21],[-30,-75],[-76,-33],[-124,-141],[-22,36],[-22,114],[-39,41],[-19,60],[-45,12],[-71,159],[-59,-12],[-41,37],[-69,-9],[-124,85],[-42,-17],[-80,6],[-140,-15],[-118,-56],[-87,-28],[-131,7],[-247,-131],[-19,-66],[-51,-56],[-144,1],[-92,15],[-181,-19],[-51,-34],[-35,-57],[-51,9],[-52,-69],[-82,-24],[-123,-4],[-79,30],[-45,56],[-58,10],[-20,41],[78,122],[-6,242],[-64,118],[-28,88],[-3,107],[-60,136],[-47,57],[-23,114],[-55,89],[62,35],[15,87],[-71,100],[-37,82],[-7,68],[39,77],[5,66],[-24,65],[41,104],[25,-92],[23,7],[32,90],[99,50],[93,97],[74,45],[68,-23],[48,11],[48,42],[87,17],[47,43],[45,-14],[174,64],[70,80],[80,154],[0,99],[50,66],[74,-2],[45,22],[29,54],[62,-18],[31,48],[-9,73],[79,75],[30,54],[72,22],[82,64],[67,34],[51,-26],[105,-111],[113,-27],[57,10],[-17,55],[48,54],[23,79],[47,20],[-15,48],[66,68],[267,35],[-6,68],[35,43],[39,-55],[80,-3],[80,-50],[45,13],[37,-45],[183,36],[57,-58]],[[8666,249],[-86,-119],[2,-35],[-135,-90],[-68,-5],[-66,26],[-16,45],[-156,50],[-25,39],[52,104],[68,68],[142,113],[40,0],[121,51],[74,63],[51,15],[56,49],[62,113],[77,53],[19,81],[104,-6],[-2,-82],[129,29],[-30,-82],[20,-39],[-103,-104],[-44,-67],[-60,-24],[-15,-37],[27,-79],[-71,34],[-134,-65],[-33,-99]],[[9601,1062],[-22,-49],[-54,15],[-65,-45],[6,-50],[-35,-61],[-71,-69],[-58,-76],[-82,-42],[-12,33],[-61,33],[47,43],[53,100],[-20,62],[-100,80],[-15,56],[102,38],[61,157],[-25,182],[12,62],[-41,25],[-78,152],[16,22],[81,-7],[63,-105],[-19,-56],[19,-61],[-5,-71],[45,-28],[76,18],[-9,-140],[119,-80],[35,-7],[77,52],[59,-41],[-33,-37],[-22,-80],[-44,-25]],[[7473,6228],[26,-11],[48,-90],[56,-60],[-31,-46],[-46,23],[-10,56],[-58,64],[15,64]],[[6972,6666],[19,12],[148,-97],[61,-88],[69,-70],[-40,-77],[-19,98],[-45,89],[-60,36],[-89,84],[-44,13]],[[5660,6802],[135,-60],[7,-15],[192,-67],[61,-54],[68,-9],[66,-79],[39,-10],[58,-71],[-17,-77],[95,-33],[74,-54],[53,-8],[46,-57],[-1,-49],[-116,3],[-5,-28],[90,-145],[50,-23],[10,-72],[37,-68],[77,1],[4,-72],[50,-24],[36,-65],[119,-80],[-92,-12],[-56,56],[-87,24],[-141,22],[-44,29],[-31,61],[-38,19],[-14,51],[-42,43],[-56,107],[-39,26],[-116,29],[-88,5],[-86,-55],[-81,-7],[50,-90],[-102,-44],[-56,27],[-47,-5],[-115,24]],[[6649,6272],[51,43],[31,-22],[102,13],[85,-26],[54,18],[30,59],[68,10],[-12,92],[113,-33],[-24,-83],[-40,0],[8,-70],[-79,-21],[-67,-44],[-82,-25],[-111,8],[-127,81]],[[8892,4697],[5,-84],[-58,-8],[-17,117],[70,-25]],[[2499,7819],[28,0]],[[1402,7470],[42,-53],[148,-12],[22,121],[60,69],[182,54],[56,88],[107,111],[50,-64],[34,59],[-15,45],[83,27],[65,98],[32,84],[142,133],[22,-53],[64,-34],[6,-70],[89,-14],[76,-57],[30,-41],[-141,-36],[58,-74],[-134,-33]],[[520,7645],[22,-34],[0,-80],[50,-44],[67,-112],[-7,-62],[-103,14],[-229,129],[-71,32],[8,34],[-52,74],[-47,31],[-27,62],[-5,78],[-32,30],[-16,209],[100,-31],[11,-88],[56,45],[39,-20],[32,55],[63,-24],[92,-67],[53,-80],[10,-66],[-14,-85]],[[10197,3959],[-94,56],[38,77],[89,9],[39,-53],[-1,-67],[-71,