{"type":"Topology","transform":{"scale":[1.5479323381295313,1.4415966030016147],"translate":[-998.9999999999999,991.8789079700573]},"arcs":[[[1887,4005],[72,-68],[-33,-20],[-85,50],[46,38]],[[2486,4599],[33,-48],[-45,-24],[-50,25],[-15,34],[77,13]],[[762,4564],[14,32],[54,-15],[-3,-37],[-65,20]],[[694,4551],[-65,9],[-23,60],[-58,18],[37,43],[41,-4],[24,-71],[44,-55]],[[2190,3930],[16,55],[50,11],[57,50],[12,-48],[-55,-64],[-51,-19],[-29,15]],[[1798,4108],[-22,-54],[-88,-12],[-63,-21],[-16,56],[56,33],[54,7],[51,-22],[28,13]],[[3743,4601],[-35,-614]],[[3708,3987],[-86,99],[-90,-16],[-93,2],[-6,29],[45,56],[49,4],[-4,71],[-21,22],[-29,95],[-183,94],[-65,9],[-77,60],[-65,30],[-31,-46],[-46,38],[3,82],[27,31],[70,-18],[-1,36],[-99,-1],[-54,22],[-22,57],[-77,8],[27,58],[133,41],[60,-37],[52,-2],[26,-61],[-18,-31],[4,-60],[38,-14],[33,-85],[42,-5],[74,73],[13,31],[75,11],[-7,27],[59,26],[181,-94],[98,-28]],[[2140,4117],[-10,-38],[-89,-27],[-76,-5],[-99,25],[37,33],[66,-3],[47,-24],[68,-2],[56,41]],[[1106,4225],[128,-13],[16,-58],[48,-22],[62,19],[40,-18],[-12,-74],[-97,27],[-46,-18],[-87,3],[-105,17],[-39,19],[-104,20],[-46,-24],[-81,26],[-78,1],[-68,88],[17,53],[204,-20],[24,-46],[165,-7],[15,44],[44,-17]],[[2580,4555],[23,66],[84,-11],[29,17],[100,-35],[22,-71],[-115,56],[-143,-22]],[[1909,4806],[24,-48],[36,-1],[37,54],[64,10],[54,-15],[-40,-55],[-50,-22],[-20,-41],[66,-73],[-5,-69],[60,-51],[-126,-45],[4,40],[-58,65],[16,75],[-28,13],[-33,-58],[7,-133],[-9,-85],[-66,-15],[-20,29],[22,98],[-31,84],[-33,-14],[-14,66],[48,87],[-3,72],[36,56],[4,84],[23,49],[46,5],[30,55],[52,-21],[213,-26],[64,51],[32,-37],[-52,-56],[-97,-8],[-16,19],[-114,-10],[-129,3],[-34,-68],[40,-64]],[[2668,4917],[-128,44],[-3,51],[41,59],[42,-90],[48,-64]],[[1640,5288],[25,-30],[-18,-73],[45,-80],[-19,-37],[80,-59],[7,-43],[-89,-1],[-29,-70],[-1,-60],[-35,-65],[-56,-56],[16,-71],[-47,-106],[-118,-58],[-15,64],[-76,-1],[-55,27],[-35,-27],[-119,39],[-92,-11],[-41,178],[-39,22],[-44,56],[-17,135],[33,76],[26,16]],[[927,5053],[22,-65],[67,-49],[57,25],[57,-3],[29,44],[77,12],[58,-27],[75,24],[83,157],[4,85],[26,50],[125,0],[33,-18]],[[133,4979],[119,-48],[36,-56],[89,-16],[31,-24],[-27,-47],[-3,-45],[46,-29],[49,4],[20,-77],[34,-39],[67,-4],[45,-79],[-20,-41],[12,-74],[-1,-129],[-59,-1],[-46,24],[-27,-18],[-58,60],[-129,81],[-11,32],[-55,32],[-52,58],[-73,120],[-13,41],[-70,81],[-37,11],[0,299],[133,-116]],[[3302,1462],[8,-31],[-81,-14],[-9,30],[82,15]],[[2795,3824],[62,5],[26,-25],[-48,-42],[-42,27],[2,35]],[[4009,628],[-58,-69],[-62,15],[-4,41],[-45,69],[1,68],[-37,109],[40,15],[96,-45],[78,9],[43,26],[24,-30],[-13,-86],[-40,-117],[-23,-5]],[[3343,3704],[-69,-83],[-24,-4],[-1,-81],[-47,-48],[108,-117],[25,3],[61,-39],[35,-44],[72,-25],[17,-42],[60,-37],[70,19],[35,68],[49,156],[-3,137],[16,30],[-5,66],[31,38],[28,107],[39,16],[30,-151],[29,-29],[1,-106],[30,-75],[49,29],[14,-38],[53,-41],[-10,-55],[5,-86],[55,-117],[-15,-58],[17,-59],[109,-101],[71,-28],[18,-76],[29,-26],[22,-114],[95,-53],[-6,-68],[46,-62],[27,-4],[44,-76],[34,-101],[7,-126],[-14,-13],[34,-109],[-5,-59],[-68,-176],[-11,-72],[-41,-92],[-59,-37],[-85,-138],[-21,-85],[-53,-67],[-29,-105],[1,-59],[-42,-26],[-90,5],[-57,-21],[-59,-54],[-54,-7],[-93,34],[8,64],[-119,-92],[-83,58],[-57,0],[-96,61],[-44,76],[12,56],[-43,99],[-80,7],[31,92],[-34,65],[-36,-105],[-21,7],[9,97],[40,62],[-35,41],[-21,-51],[-50,-23],[-81,-94],[-29,101],[-39,68],[-30,9],[-47,107],[-66,17],[-46,-7],[-81,59],[-174,-18],[-135,-57],[-88,5],[-162,-89],[-47,-82],[-156,10],[-120,-13],[-57,-61],[-33,6],[-35,-47],[-54,-16],[-81,-3],[-53,20],[-81,73],[51,82],[-3,164],[-61,140],[-2,72],[-39,92],[-32,39],[-15,77],[-36,60],[41,24],[10,58],[-48,68],[-29,102],[27,52],[-13,89],[27,70],[53,3],[65,34],[62,66],[49,31],[45,-16],[63,36],[58,12],[175,63],[47,54],[53,103],[0,68],[33,44],[79,14],[19,37],[41,-13],[20,33],[-6,49],[73,87],[47,15],[98,67],[34,-18],[70,-75],[74,-19],[58,82],[37,98],[44,47],[176,24],[-4,45],[102,-9],[107,-56],[121,24],[38,-39]],[[5731,165],[-57,-81],[1,-23],[-89,-61],[-89,15],[-10,29],[-103,34],[-17,26],[34,71],[140,123],[106,35],[119,86],[42,76],[50,36],[13,54],[69,-4],[-1,-55],[85,19],[-19,-55],[12,-27],[-97,-115],[-39,-16],[-39,-55],[-89,-45],[-22,-67]],[[6349,716],[-93,-54],[-19,-75],[-85,-99],[-54,-28],[-49,45],[66,97],[-13,42],[-66,54],[-10,38],[68,25],[39,106],[-16,124],[-71,162],[64,9],[43,-70],[-13,-38],[9,-90],[30,-18],[50,11],[-6,-94],[102,-59],[51,35],[39,-28],[-37,-79],[-29,-16]],[[4942,4212],[86,-109],[-51,-15],[-7,38],[-38,43],[10,43]],[[3743,4601],[94,-51],[127,-45],[41,-37],[44,-6],[108,-108],[-11,-52],[146,-65],[30,-72],[-80,-16],[60,-99],[33,-15],[31,-95],[51,1],[2,-49],[57,-60],[-19,-25],[-150,31],[-113,138],[-36,72],[-103,38],[-58,3],[-57,-37],[-53,-5],[32,-61],[-66,-30],[-145,31]],[[4397,4242],[122,23],[56,-17],[55,52],[46,7],[-8,61],[75,-22],[-38,-103],[-150,-61],[-74,6],[-84,54]],[[5881,3176],[3,-57],[-38,-5],[-12,78],[47,-16]],[[927,5053],[28,-36],[98,-8],[14,82],[40,46],[120,37],[38,60],[71,74],[99,46],[65,124],[94,90],[56,-59],[4,-48],[59,-9],[71,-67],[-94,-24],[39,-51],[-89,-22]],[[344,5171],[14,-77],[33,-29],[45,-77],[-5,-41],[-68,9],[-151,87],[-76,95],[-31,21],[-22,95],[-21,21],[-11,141],[67,-22],[7,-58],[84,54],[103,-62],[35,-54],[-3,-103]],[[6744,2676],[-62,39],[25,51],[59,7],[25,-36],[-1,-46],[-46,-15]],[[2158,5979],[28,-16],[-39,-98],[17,-52],[-28,-31],[-60,81],[46,28],[-7,42],[43,46]],[[2270,6030],[49,-9],[1,-61],[-57,15],[7,55]],[[2066,6059],[82,-30],[-4,-29],[-50,-50],[-51,32],[23,77]],[[2305,6037],[4,23],[-58,79],[84,5],[32,-34],[7,-100],[-31,-19],[-38,46]],[[2395,5614],[-38,-75],[28,-44],[-30,-57],[-29,28],[-76,32],[-20,92],[20,29],[-51,40],[-82,-51],[-28,39],[52,83],[63,9],[45,-39],[50,86],[71,12],[38,31],[35,-54],[7,-113],[20,-56],[-51,-43],[-24,51]]],"objects":{"oceania.geo(2)(1)":{"type":"GeometryCollection","geometries":[{"arcs":[[[0]],[[1]],[[2]],[[3]],[[4]],[[5]],[[6,7]],[[8]],[[9]],[[10]],[[11]],[[12]],[[13,14]],[[15]]],"type":"MultiPolygon","properties":{"id":"ID","hc-group":"admin0","hc-middle-x":0.35,"hc-middle-y":0.36,"hc-key":"id","hc-a2":"ID","name":"Indonesia","labelrank":"2","country-abbrev":"Indo.","subregion":"South-Eastern Asia","region-wb":"East Asia & Pacific","iso-a3":"IDN","iso-a2":"ID","woe-id":"23424846","continent":"Asia"}},{"arcs":[[[16]],[[17]],[[18]],[[19]]],"type":"MultiPolygon","properties":{"id":"AU","hc-group":"admin0","hc-middle-x":0.53,"hc-middle-y":0.38,"hc-key":"au","hc-a2":"AU","name":"Australia","labelrank":"2","country-abbrev":"Auz.","subregion":"Australia and New Zealand","region-wb":"East Asia & Pacific","iso-a3":"AUS","iso-a2":"AU","woe-id":"-90","continent":"Oceania"}},{"arcs":[[[20]],[[21]]],"type":"MultiPolygon","properties":{"id":"NZ","hc-group":"admin0","hc-middle-x":0.18,"hc-middle-y":0.82,"hc-key":"nz","hc-a2":"NZ","name":"New Zealand","labelrank":"2","country-abbrev":"N.Z.","subregion":"Australia and New Zealand","region-wb":"East Asia & Pacific","iso-a3":"NZL","iso-a2":"NZ","woe-id":"23424916","continent":"Oceania"}},{"arcs":[[[22]],[[-7,23]],[[24]]],"type":"MultiPolygon","properties":{"id":"PG","hc-group":"admin0","hc-middle-x":0.24,"hc-middle-y":0.37,"hc-key":"pg","hc-a2":"PG","name":"Papua New Guinea","labelrank":"2","country-abbrev":"P.N.G.","subregion":"Melanesia","region-wb":"East Asia & Pacific","iso-a3":"PNG","iso-a2":"PG","woe-id":"23424926","continent":"Oceania"}},{"arcs":[[25]],"type":"Polygon","properties":{"id":"VU","hc-group":"admin0","hc-middle-x":0.13,"hc-middle-y":0.11,"hc-key":"vu","hc-a2":"VU","name":"Vanuatu","labelrank":"4","country-abbrev":"Van.","subregion":"Melanesia","region-wb":"East Asia & Pacific","iso-a3":"VUT","iso-a2":"VU","woe-id":"23424907","continent":"Oceania"}},{"arcs":[[[26,-15]],[[27]]],"type":"MultiPolygon","properties":{"id":"MY","hc-group":"admin0","hc-middle-x":0.71,"hc-middle-y":0.73,"hc-key":"my","hc-a2":"MY","name":"Malaysia","labelrank":"3","country-abbrev":"Malay.","subregion":"South-Eastern Asia",