{"type":"Topology","transform":{"scale":[1.142345757001474,1.074815084273069],"translate":[-999,987]},"arcs":[[[2557,5376],[55,-35],[42,-55],[-44,-28],[-115,68],[-38,44],[100,6]],[[2168,5487],[-27,-53],[-58,-14],[1,58],[41,32],[43,-23]],[[2021,5510],[-19,-58],[-47,18],[31,53],[35,-13]],[[3369,6172],[44,-63],[-60,-33],[-69,34],[-21,45],[106,17]],[[1033,6127],[18,42],[74,-20],[-4,-49],[-88,27]],[[941,6109],[-90,11],[-29,81],[-79,24],[49,57],[55,-5],[34,-95],[60,-73]],[[2967,5276],[22,74],[67,14],[78,68],[17,-65],[-76,-86],[-69,-26],[-39,21]],[[2437,5515],[-30,-72],[-120,-17],[-85,-28],[-22,75],[77,44],[72,10],[70,-30],[38,18]],[[2265,7099],[-26,0]],[[2239,7099],[26,0]],[[5072,6175],[-47,-822]],[[5025,5353],[-117,133],[-122,-24],[-125,4],[-9,38],[61,76],[67,6],[-6,95],[-29,30],[-40,126],[-247,127],[-88,11],[-105,80],[-89,42],[-42,-62],[-61,51],[5,110],[36,41],[94,-25],[-1,50],[-133,-1],[-74,28],[-30,76],[-103,12],[35,79],[181,54],[81,-49],[71,-3],[35,-82],[-25,-41],[6,-81],[51,-19],[11,-66],[33,-49],[58,-6],[100,97],[18,43],[101,14],[-9,37],[81,35],[245,-128],[37,4],[95,-41]],[[4259,5736],[-27,27],[57,94],[9,-115],[-39,-6]],[[2901,5527],[-16,-52],[-120,-36],[-102,-6],[-134,33],[49,45],[90,-4],[64,-33],[58,24],[34,-26],[76,55]],[[2900,5527],[1,0]],[[1499,5672],[39,11],[70,-31],[63,2],[23,-78],[65,-29],[84,25],[54,-24],[-16,-100],[-37,-2],[-95,39],[-60,-25],[-119,4],[-143,24],[-54,26],[-139,26],[-63,-31],[-111,32],[-105,4],[-72,69],[-20,47],[23,72],[54,-15],[223,-11],[33,-62],[223,-10],[20,58],[60,-21]],[[3495,6115],[-9,48],[41,40],[114,-15],[39,21],[136,-45],[30,-96],[-155,76],[-128,-19],[-41,50],[-27,-60]],[[2586,6449],[33,-62],[48,-2],[51,73],[86,13],[151,3],[-16,-38],[-62,15],[-52,-73],[-69,-30],[-27,-57],[91,-96],[-7,-93],[79,-68],[-95,-42],[-13,-43],[-62,24],[6,54],[-78,88],[21,99],[-38,18],[-68,-45],[23,-32],[9,-180],[-12,-113],[-89,-20],[-27,38],[30,132],[-42,113],[-44,-19],[-21,89],[66,116],[-3,97],[48,75],[4,113],[33,65],[62,6],[40,75],[71,-29],[288,-35],[58,27],[29,42],[43,-50],[-71,-74],[-132,-11],[-20,24],[-155,-13],[-175,4],[-45,-89],[14,-57],[39,-32]],[[3615,6599],[-172,59],[-4,71],[21,67],[34,9],[29,-74],[77,39],[-3,-64],[-47,-21],[65,-86]],[[2223,7098],[33,-41],[-24,-100],[62,-105],[-28,-50],[109,-79],[10,-58],[-90,14],[-31,-16],[-40,-92],[-1,-82],[-48,-88],[-76,-74],[23,-95],[-65,-143],[-158,-78],[-20,87],[-104,-1],[-74,34],[-47,-36],[-162,54],[-76,-23],[-49,7],[-54,240],[-54,29],[-59,74],[-19,75],[-5,108],[44,101],[36,22]],[[1256,6782],[30,-87],[90,-66],[78,34],[77,-5],[40,59],[104,17],[78,-36],[31,29],[72,3],[38,61],[-8,45],[51,36],[30,69],[5,114],[36,65],[68,-9],[102,11],[45,-24]],[[179,6683],[162,-64],[49,-76],[119,-22],[44,-32],[-37,-62],[-4,-62],[63,-38],[66,6],[27,-103],[45,-52],[91,-8],[62,-104],[-27,-56],[17,-99],[-2,-173],[-60,41],[-20,-42],[-62,32],[-37,-23],[-79,81],[-97,50],[-78,57],[-14,43],[-74,44],[-71,78],[-100,160],[-18,56],[-94,108],[-50,13],[0,402],[92,-71],[50,-67],[37,-17]],[[4357,7543],[-10,-30],[-13,14],[23,16]],[[7241,5079],[51,-5],[24,-70],[-92,31],[17,44]],[[7074,5352],[57,-24],[39,-46],[77,-63],[4,-29],[-115,89],[-62,73]],[[4473,1966],[13,-41],[-111,-20],[-12,40],[110,21]],[[3787,5134],[84,6],[35,-34],[-66,-56],[-56,36],[3,48]],[[5433,846],[-33,-17],[-46,-74],[-83,20],[-7,54],[-60,92],[1,93],[-25,40],[-26,105],[55,21],[129,-61],[107,13],[58,34],[32,-41],[-17,-115],[-56,-156],[-29,-8]],[[4530,4972],[-94,-111],[-32,-6],[-1,-109],[-64,-62],[10,-31],[86,-63],[51,-65],[33,5],[84,-53],[47,-59],[96,-33],[25,-56],[80,-50],[96,26],[47,91],[67,209],[-13,68],[7,115],[22,40],[-6,90],[41,50],[39,145],[52,20],[25,-83],[16,-120],[40,-38],[2,-143],[40,-100],[65,39],[20,-51],[72,-55],[-14,-73],[7,-116],[49,-80],[25,-77],[-20,-78],[36,-21],[-13,-58],[91,-76],[36,5],[21,-64],[96,-37],[24,-103],[40,-36],[30,-151],[129,-71],[-10,-91],[63,-84],[36,-6],[60,-100],[46,-136],[12,-169],[-20,-18],[45,-146],[-6,-78],[-92,-238],[-16,-97],[-54,-86],[-1,-37],[-80,-48],[-115,-187],[-28,-113],[-23,-3],[-50,-88],[-39,-140],[2,-79],[-57,-35],[-122,7],[-78,-29],[-80,-72],[-73,-9],[-125,45],[9,85],[-159,-122],[-113,77],[-78,1],[-130,81],[-59,102],[16,77],[-58,131],[-109,9],[42,126],[-45,85],[-50,-140],[-28,8],[11,130],[56,84],[-49,55],[-28,-68],[-67,-31],[-111,-127],[-39,136],[-53,92],[-40,10],[-63,145],[-54,-11],[-36,34],[-62,-9],[-111,77],[-235,-23],[-183,-76],[-119,6],[-220,-119],[-18,-60],[-45,-50],[-129,1],[-83,13],[-162,-17],[-77,-83],[-46,8],[-46,-63],[-73,-21],[-111,-4],[-71,27],[-40,51],[-70,47],[70,110],[-5,220],[-58,107],[-25,80],[-3,97],[-53,124],[-42,52],[-21,103],[-49,81],[55,31],[14,80],[-64,90],[-33,74],[-7,63],[35,69],[-16,119],[37,94],[43,-77],[28,82],[89,46],[83,88],[66,40],[61,-20],[87,48],[77,15],[42,39],[41,-12],[156,57],[63,73],[71,140],[0,90],[45,59],[67,-1],[65,69],[56,-16],[27,43],[-7,66],[70,68],[28,50],[64,19],[133,89],[46,-23],[94,-101],[101,-24],[79,108],[50,133],[58,62],[240,32],[-5,61],[137,-13],[72,-46],[41,12],[33,-41],[164,33],[51,-53]],[[7766,226],[-77,-108],[1,-31],[-120,-82],[-62,-5],[-58,23],[-14,41],[-140,46],[-23,35],[46,95],[188,164],[36,0],[109,46],[66,57],[97,59],[55,102],[69,48],[17,74],[93,-6],[-2,-74],[116,26],[-27,-74],[18,-36],[-93,-94],[-39,-61],[-53,-22],[-54,-74],[-120,-59],[-29,-90]],[[8603,964],[-19,-45],[-48,14],[-59,-41],[6,-45],[-32,-55],[-116,-132],[-73,-38],[-65,60],[42,39],[47,90],[-17,57],[-90,73],[-13,51],[91,34],[55,143],[-23,164],[11,57],[-37,22],[-69,139],[86,13],[56,-95],[-16,-51],[12,-120],[40,-25],[69,17],[-8,-128],[106,-73],[32,-6],[68,47],[54,-37],[-50,-106],[-40,-23]],[[8229,6064],[-5,-1],[0,7],[6,-1],[-1,-5]],[[9497,4778],[-1,1],[1,8],[1,-8],[-1,-1]],[[6697,5654],[116,-146],[-28,-42],[-41,21],[-9,51],[-51,58],[13,58]],[[5072,6175],[127,-68],[172,-60],[55,-50],[61,-8],[59,-72],[35,-9],[52,-64],[-16,-70],[86,-30],[66,-49],[48,-8],[41,-51],[-1,-44],[-104,2],[-4,-26],[80,-131],[45,-20],[9,-66],[33,-62],[69,1],[4,-65],[44,-22],[33,-59],[106,-72],[-82,-12],[-50,52],[-205,41],[-151,185],[-50,96],[-139,51],[-79,4],[-77,-50],[-73,-6],[45,-82],[-91,-40],[-195,42]],[[5958,5694],[165,31],[77,-24],[48,16],[27,54],[60,10],[-10,83],[101,-30],[-51,-139],[-70,-19],[-133,-63],[-100,8],[-114,73]],[[8888,6963],[19,-13],[-3,0],[-16,13]],[[7292,7200],[15,-6],[-6,-18],[-12,2],[3,22]],[[7969,4264],[4,-76],[-52,-8],[-15,107],[63,-23]],[[2239,7099],[26,0]],[[1256,6782],[38,-49],[133,-10],[19,110],[54,62],[163,49],[50,80],[96,101],[45,-59],[31,54],[-14,41],[74,24],[59,90],[29,76],[127,121],[20,-48],[57,-31],[5,-64],[80,-12],[95,-90],[-126,-32],[52,-67],[-120,-30]],[[466,6941],[20,-104],[44,-40],[61,-102],[-7,-56],[-92,13],[-269,146],[7,31],[-88,95],[-29,127],[-29,27],[-14,190],[89,-28],[10,-80],[114,73],[57,-22],[82,-61],[47,-73],[-3,-136]],[[9137,3594],[-84,51],[34,70],[80,8],[35,-48],[-1,-60],[-64,-21]],[[9324,3813],[47,9],[3,-70],[-118,10],[68,51]],[[3084,7900],[-30,-62],[-61,26],[47,46],[44,-10]],[[2924,8024],[38,-21],[-52,-131],[22,-71],[-37,-42],[-55,54],[-26,54],[61,39],[-8,56],[57,62]],[[3075,8093],[67,-13],[2,-80],[-77,18],[8,75]],[[2799,8131],[112,-40],[-6,-39],[-68,-67],[-46,-9],[-24,51],[7,89],[25,15]],[[3123,8102],[7,30],[-64,64],[-15,43],[114,6],[42,-45],[9,-135],[-41,-25],[-52,62]],[[3245,7534],[-52,-100],[39,-60],[-40,-76],[-40,38],[-103,43],[-24,33],[-3,91],[27,38],[-68,54],[-111,-69],[-39,53],[-48,-108],[-23,11],[23,112],[20,27],[80,19],[19,50],[85,13],[15,-62],[45,9],[22,53],[44,-15],[3,78],[96,15],[50,41],[47,-73],[11,-150],[26,-75],[-68,-58],[-33,68]],[[2360,7907],[-38,-120],[-63,-13],[101,133]]],"objects":{"oceania":{"type":"GeometryCollection","geometries":[{"arcs":[[[0]],[[1]],[[2]],[[3]],[[4]],[[5]],[[6]],[[7]],[[10,11]],[[12]],[[13,14]],[[15]],[[16]],[[17]],[[18]],[[19,20]],[[21]]],"type":"MultiPolygon","properties":{"hc-group":"admin0","hc-middle-x":0.35,"hc-middle-y":0.36,"hc-key":"id","hc-a2":"ID","name":"Indonesia","labelrank":"2","country-abbrev":"Indo.","subregion":"South-Eastern Asia","region-wb":"East Asia & Pacific","iso-a3":"IDN","iso-a2":"ID","woe-id":"23424846",