{"type":"Topology","transform":{"scale":[1.4991455373984097,1.394171183510455],"translate":[-999,991.8789079700573]},"arcs":[[[1948,4141],[75,-70],[-34,-21],[-88,52],[47,39]],[[2567,4755],[34,-49],[-46,-25],[-52,26],[-16,35],[80,13]],[[787,4719],[14,33],[56,-15],[-3,-38],[-67,20]],[[717,4706],[-68,9],[-23,62],[-60,19],[38,44],[42,-4],[25,-73],[46,-57]],[[2261,4064],[17,57],[51,11],[59,52],[13,-50],[-57,-66],[-53,-20],[-30,16]],[[1857,4248],[-23,-56],[-91,-12],[-65,-22],[-17,58],[58,34],[56,7],[53,-23],[29,14]],[[3865,4757],[-36,-634]],[[3829,4123],[-89,102],[-93,-17],[-96,3],[-6,29],[46,58],[51,5],[-4,73],[-22,23],[-30,98],[-189,97],[-67,9],[-80,62],[-67,32],[-32,-48],[-47,39],[3,85],[28,32],[72,-19],[-1,38],[-102,-1],[-56,22],[-23,59],[-79,9],[28,60],[137,42],[62,-38],[54,-2],[27,-63],[-19,-32],[4,-62],[39,-15],[34,-88],[44,-5],[76,75],[14,33],[77,11],[-7,28],[61,27],[187,-98],[101,-29]],[[2210,4257],[-11,-39],[-92,-28],[-78,-5],[-102,26],[38,34],[68,-3],[49,-25],[70,-2],[58,42]],[[1142,4369],[132,-14],[17,-60],[49,-22],[64,19],[42,-18],[-13,-77],[-100,28],[-47,-19],[-90,3],[-109,18],[-40,20],[-107,20],[-48,-24],[-84,26],[-80,2],[-70,90],[17,55],[211,-20],[25,-48],[170,-7],[16,45],[45,-17]],[[2664,4710],[24,68],[86,-11],[30,17],[104,-36],[22,-73],[-118,58],[-148,-23]],[[1971,4969],[25,-49],[37,-1],[38,56],[66,10],[56,-15],[-41,-57],[-52,-23],[-20,-43],[68,-75],[-5,-71],[61,-53],[-130,-47],[5,42],[-60,67],[16,77],[-29,14],[-34,-60],[7,-138],[-9,-87],[-68,-16],[-21,30],[23,101],[-32,87],[-34,-14],[-15,68],[50,90],[-3,74],[37,58],[4,87],[24,51],[47,5],[31,57],[54,-22],[220,-27],[66,53],[33,-38],[-54,-58],[-100,-8],[-16,19],[-118,-10],[-133,3],[-35,-70],[41,-67]],[[2755,5084],[-132,46],[-3,53],[42,60],[43,-93],[50,-66]],[[1693,5468],[26,-31],[-18,-76],[46,-82],[-20,-39],[83,-61],[7,-44],[-92,-1],[-30,-72],[-1,-63],[-36,-67],[-58,-58],[17,-73],[-49,-110],[-121,-60],[-16,67],[-78,-1],[-57,27],[-36,-28],[-123,41],[-95,-12],[-42,185],[-41,22],[-45,58],[-18,140],[34,78],[27,17]],[[957,5225],[23,-67],[69,-51],[59,26],[59,-3],[30,45],[79,13],[60,-28],[78,25],[85,162],[4,88],[27,51],[129,1],[34,-19]],[[137,5148],[123,-49],[37,-58],[92,-17],[32,-25],[-28,-48],[-3,-47],[48,-30],[50,5],[21,-80],[35,-40],[69,-5],[47,-81],[-21,-43],[13,-76],[-2,-134],[-60,-1],[-48,25],[-28,-18],[-60,62],[-133,83],[-11,33],[-57,34],[-54,60],[-75,124],[-14,42],[-72,84],[-38,11],[0,309],[137,-120]],[[3409,1512],[9,-32],[-84,-15],[-9,31],[84,16]],[[2886,3954],[64,5],[27,-26],[-50,-43],[-43,28],[2,36]],[[4139,649],[-59,-71],[-64,16],[-5,42],[-46,71],[1,71],[-38,112],[41,16],[99,-47],[81,10],[44,26],[25,-31],[-13,-89],[-42,-120],[-24,-6]],[[3452,3830],[-71,-86],[-25,-4],[-1,-84],[-49,-49],[112,-121],[26,3],[63,-41],[36,-45],[74,-26],[18,-43],[61,-39],[73,20],[36,70],[51,162],[-4,141],[17,31],[-5,69],[32,39],[29,111],[40,16],[31,-156],[30,-30],[1,-110],[31,-77],[50,30],[15,-39],[55,-43],[-11,-57],[5,-89],[57,-121],[-15,-60],[17,-61],[113,-104],[73,-29],[19,-79],[30,-27],[22,-117],[99,-55],[-7,-70],[48,-65],[28,-4],[45,-78],[35,-105],[8,-130],[-15,-14],[35,-112],[-5,-61],[-70,-182],[-12,-75],[-42,-95],[-61,-38],[-88,-143],[-21,-88],[-55,-69],[-30,-108],[1,-61],[-43,-27],[-93,5],[-59,-22],[-61,-56],[-56,-7],[-96,35],[8,66],[-122,-95],[-86,60],[-59,0],[-99,63],[-45,79],[12,58],[-44,102],[-83,7],[32,96],[-35,67],[-37,-109],[-22,7],[9,101],[42,64],[-37,42],[-21,-53],[-52,-23],[-84,-98],[-30,105],[-40,70],[-31,9],[-48,111],[-68,18],[-48,-7],[-84,60],[-179,-18],[-140,-59],[-90,5],[-168,-92],[-48,-85],[-161,11],[-124,-14],[-59,-63],[-34,6],[-36,-48],[-56,-17],[-84,-3],[-54,21],[-84,75],[53,85],[-4,170],[-62,144],[-3,75],[-40,95],[-33,40],[-15,80],[-38,62],[43,25],[10,60],[-49,70],[-30,105],[27,54],[-13,92],[28,73],[55,3],[67,35],[64,68],[50,32],[47,-16],[65,37],[60,12],[181,65],[48,56],[55,107],[0,70],[34,46],[81,14],[20,38],[42,-13],[21,34],[-6,51],[75,90],[49,15],[101,69],[35,-18],[72,-78],[77,-19],[60,84],[38,102],[45,48],[182,25],[-4,47],[105,-10],[111,-58],[125,25],[39,-40]],[[5918,171],[-59,-84],[1,-24],[-92,-63],[-92,15],[-10,31],[-107,35],[-17,27],[35,73],[144,127],[110,36],[123,89],[43,79],[52,37],[13,56],[71,-4],[-1,-57],[88,20],[-20,-57],[13,-28],[-100,-119],[-41,-17],[-40,-57],[-92,-46],[-22,-69]],[[6556,740],[-96,-55],[-20,-78],[-88,-102],[-56,-29],[-50,46],[68,100],[-13,44],[-69,56],[-10,39],[70,26],[41,110],[-17,128],[-73,167],[66,10],[44,-73],[-13,-39],[9,-93],[31,-19],[52,12],[-6,-98],[105,-61],[52,37],[41,-29],[-38,-82],[-30,-17]],[[5103,4355],[89,-112],[-53,-16],[-7,39],[-39,45],[10,44]],[[3865,4757],[97,-52],[131,-47],[42,-38],[46,-6],[111,-112],[-11,-54],[151,-67],[31,-74],[-83,-17],[62,-102],[34,-16],[32,-98],[53,1],[2,-51],[59,-62],[-20,-25],[-155,32],[-116,142],[-38,75],[-106,39],[-60,3],[-59,-38],[-55,-5],[34,-63],[-69,-31],[-149,32]],[[4540,4386],[126,24],[58,-18],[57,54],[47,7],[-8,64],[77,-23],[-39,-107],[-155,-63],[-76,6],[-87,56]],[[6072,3284],[3,-59],[-39,-5],[-12,81],[48,-17]],[[957,5225],[29,-37],[101,-9],[15,85],[41,48],[124,38],[39,62],[73,77],[103,47],[67,128],[97,93],[58,-61],[4,-49],[61,-10],[73,-69],[-97,-25],[40,-52],[-92,-23]],[[355,5347],[15,-80],[34,-30],[46,-79],[-5,-43],[-70,10],[-156,90],[-79,98],[-32,22],[-22,98],[-22,21],[-11,146],[69,-22],[7,-61],[87,56],[106,-64],[36,-56],[-3,-106]],[[6963,2767],[-64,40],[26,53],[61,7],[26,-37],[-1,-47],[-48,-16]],[[2228,6182],[29,-16],[-40,-101],[17,-54],[-28,-32],[-62,83],[47,29],[-7,44],[44,47]],[[2344,6235],[50,-9],[2,-63],[-59,15],[7,57]],[[2133,6265],[85,-31],[-4,-30],[-52,-52],[-53,33],[24,80]],[[2380,6242],[4,24],[-60,82],[87,5],[33,-35],[7,-104],[-32,-19],[-39,47]],[[2473,5805],[-39,-78],[29,-45],[-31,-59],[-30,29],[-79,33],[-20,95],[20,30],[-52,42],[-85,-53],[-29,40],[54,86],[65,9],[46,-40],[52,89],[73,12],[39,32],[36,-56],[8,-116],[20,-58],[-52,-45],[-25,53]]],"objects":{"oceania":{"type":"GeometryCollection","geometries":[{"arcs":[[[0]],[[1]],[[2]],[[3]],[[4]],[[5]],[[6,7]],[[8]],[[9]],[[10]],[[11]],[[12]],[[13,14]],[[15]]],"type":"MultiPolygon","properties":{"hc-group":"admin0","hc-middle-x":0.35,"hc-middle-y":0.36,"hc-key":"id","hc-a2":"ID","name":"Indonesia","labelrank":"2","country-abbrev":"Indo.","subregion":"South-Eastern Asia","region-wb":"East Asia & Pacific","iso-a3":"IDN","iso-a2":"ID","woe-id":"23424846","continent":"Asia"},"id":"ID"},{"type":null,"properties":{"hc-group":"admin0","hc-middle-x":0.44,"hc-middle-y":0.47,"hc-key":"pw","hc-a2":"PW","name":"Palau","labelrank":"6","country-abbrev":"Palau","subregion":"Micronesia","region-wb":"East Asia & Pacific","iso-a3":"PLW","iso-a2":"PW","woe-id":"23424927","continent":"Oceania"},"id":"PW"},{"type":null,"properties":{"hc-group":"admin0","hc-middle-x":0.38,"hc-middle-y":0.61,"hc-key":"sb","hc-a2":"SB","name":"Solomon Islands","labelrank":"3","country-abbrev":"S. Is.","subregion":"Melanesia","region-wb":"East Asia & Pacific","iso-a3":"SLB","iso-a2":"SB","woe-id":"23424766","continent":"Oceania"},"id":"SB"},{"arcs":[[[16]],[[17]],[[18]],[[19]]],"type":"MultiPolygon","properties":{"hc-group":"admin0","hc-middle-x":0.53,"hc-middle-y":0.38,"hc-key":"au","hc-a2":"AU","name":"Australia","labelrank":"2","country-abbrev":"Auz.","subregion":"Australia and New Zealand","region-wb":"East Asia & Pacific","iso-a3":"AUS","iso-a2":"AU","woe-id":"-90","continent":"Oceania"},"id":"AU"},{"arcs":[[[20]],[[21]]],"type":"MultiPolygon","properties":{"hc-group":"admin0","hc-middle-x":0.18,"hc-middle-y":0.82,"hc-key":"nz","hc-a2":"NZ","name":"New Zealand","labelrank":"2","country-abbrev":"N.Z.","subregion":"Australia and New Zealand","region-wb":"East Asia & Pacific","iso-a3":"NZL","iso-a2":"NZ","woe-id":"23424916","continent":"Oceania"},"id":"NZ"},{"type":null,"properties":{"hc-group":"admin0","hc-middle-x":0.5,"hc-middle-y":0.55,"hc-key":"nr","hc-a2":"NR","name":"Nauru","labelrank":"6","country-abbrev":"Nauru","subregion":"Micronesia","region-wb":"East Asia & Pacific","iso-a3":"NRU","iso-a2":"NR","woe-id":"23424912","continent":"Oceania"},"id":"NR"},{"type":null,